{
    "HeadCT": {
        "precision": 0.7342143906020558,
        "recall": 1.0,
        "f1-score": 0.8467400508044032,
        "support": 1000
    },
    "ChestCT": {
        "precision": 1.0,
        "recall": 0.638,
        "f1-score": 0.778998778998779,
        "support": 1000
    },
    "accuracy": 0.819,
    "macro avg": {
        "precision": 0.8671071953010279,
        "recall": 0.819,
        "f1-score": 0.8128694149015911,
        "support": 2000
    },
    "weighted avg": {
        "precision": 0.8671071953010279,
        "recall": 0.819,
        "f1-score": 0.812869414901591,
        "support": 2000
    },
    "gradients_expectation": 1.184378834295785e-05,
    "gradients_variance": 4.1437553477408073e-07,
    "weights_expectation": 9.353439236292616e-05,
    "weights_variance": 0.0005190761294215918
}