{
    "HeadCT": {
        "precision": 1.0,
        "recall": 1.0,
        "f1-score": 1.0,
        "support": 1000
    },
    "ChestCT": {
        "precision": 1.0,
        "recall": 1.0,
        "f1-score": 1.0,
        "support": 1000
    },
    "accuracy": 1.0,
    "macro avg": {
        "precision": 1.0,
        "recall": 1.0,
        "f1-score": 1.0,
        "support": 2000
    },
    "weighted avg": {
        "precision": 1.0,
        "recall": 1.0,
        "f1-score": 1.0,
        "support": 2000
    },
    "gradients_expectation": 3.6929225188941928e-06,
    "gradients_variance": 1.2646056291032437e-07,
    "weights_expectation": 0.00011452406761236489,
    "weights_variance": 0.000519169436302036
}