{
    "HeadCT": {
        "precision": 0.9939271255060729,
        "recall": 0.982,
        "f1-score": 0.9879275653923542,
        "support": 1000
    },
    "ChestCT": {
        "precision": 0.9822134387351779,
        "recall": 0.994,
        "f1-score": 0.9880715705765406,
        "support": 1000
    },
    "accuracy": 0.988,
    "macro avg": {
        "precision": 0.9880702821206253,
        "recall": 0.988,
        "f1-score": 0.9879995679844473,
        "support": 2000
    },
    "weighted avg": {
        "precision": 0.9880702821206254,
        "recall": 0.988,
        "f1-score": 0.9879995679844473,
        "support": 2000
    },
    "gradients_expectation": -2.0074239728273824e-06,
    "gradients_variance": 7.966031034811749e-07,
    "weights_expectation": 9.77365198195912e-05,
    "weights_variance": 0.0005185644258745015
}