{
    "HeadCT": {
        "precision": 0.9199632014719411,
        "recall": 1.0,
        "f1-score": 0.9583133684714902,
        "support": 1000
    },
    "ChestCT": {
        "precision": 1.0,
        "recall": 0.913,
        "f1-score": 0.9545216936748563,
        "support": 1000
    },
    "accuracy": 0.9565,
    "macro avg": {
        "precision": 0.9599816007359705,
        "recall": 0.9565,
        "f1-score": 0.9564175310731733,
        "support": 2000
    },
    "weighted avg": {
        "precision": 0.9599816007359706,
        "recall": 0.9565,
        "f1-score": 0.9564175310731732,
        "support": 2000
    },
    "gradients_expectation": -2.0985771698178723e-06,
    "gradients_variance": 6.378581360877433e-07,
    "weights_expectation": 0.0001180420076707378,
    "weights_variance": 0.0005187058704905212
}