{
    "HeadCT": {
        "precision": 0.931,
        "recall": 0.931,
        "f1-score": 0.931,
        "support": 1000
    },
    "ChestCT": {
        "precision": 0.931,
        "recall": 0.931,
        "f1-score": 0.931,
        "support": 1000
    },
    "accuracy": 0.931,
    "macro avg": {
        "precision": 0.931,
        "recall": 0.931,
        "f1-score": 0.931,
        "support": 2000
    },
    "weighted avg": {
        "precision": 0.931,
        "recall": 0.931,
        "f1-score": 0.931,
        "support": 2000
    },
    "gradients_expectation": 6.0756296988984104e-06,
    "gradients_variance": 1.126431925513316e-06,
    "weights_expectation": 8.18858970887959e-05,
    "weights_variance": 0.0034386301413178444
}