{
    "HeadCT": {
        "precision": 1.0,
        "recall": 1.0,
        "f1-score": 1.0,
        "support": 1000
    },
    "ChestCT": {
        "precision": 1.0,
        "recall": 1.0,
        "f1-score": 1.0,
        "support": 1000
    },
    "accuracy": 1.0,
    "macro avg": {
        "precision": 1.0,
        "recall": 1.0,
        "f1-score": 1.0,
        "support": 2000
    },
    "weighted avg": {
        "precision": 1.0,
        "recall": 1.0,
        "f1-score": 1.0,
        "support": 2000
    },
    "gradients_expectation": -2.9111204185028328e-06,
    "gradients_variance": 1.8148797664707672e-07,
    "weights_expectation": 0.00011438998626545072,
    "weights_variance": 0.0003023066674359143
}