{
    "HeadCT": {
        "precision": 1.0,
        "recall": 1.0,
        "f1-score": 1.0,
        "support": 1000
    },
    "ChestCT": {
        "precision": 1.0,
        "recall": 1.0,
        "f1-score": 1.0,
        "support": 1000
    },
    "accuracy": 1.0,
    "macro avg": {
        "precision": 1.0,
        "recall": 1.0,
        "f1-score": 1.0,
        "support": 2000
    },
    "weighted avg": {
        "precision": 1.0,
        "recall": 1.0,
        "f1-score": 1.0,
        "support": 2000
    },
    "gradients_expectation": -1.4579557046090486e-06,
    "gradients_variance": 2.1268597549806145e-07,
    "weights_expectation": 0.00012171045818831772,
    "weights_variance": 0.00030249616247601807
}