{
    "HeadCT": {
        "precision": 0.8790035587188612,
        "recall": 0.988,
        "f1-score": 0.9303201506591336,
        "support": 1000
    },
    "ChestCT": {
        "precision": 0.9863013698630136,
        "recall": 0.864,
        "f1-score": 0.9211087420042644,
        "support": 1000
    },
    "accuracy": 0.926,
    "macro avg": {
        "precision": 0.9326524642909374,
        "recall": 0.9259999999999999,
        "f1-score": 0.9257144463316991,
        "support": 2000
    },
    "weighted avg": {
        "precision": 0.9326524642909374,
        "recall": 0.926,
        "f1-score": 0.9257144463316991,
        "support": 2000
    },
    "gradients_expectation": 1.4125999769021291e-05,
    "gradients_variance": 8.545481477995054e-07,
    "weights_expectation": 9.751859033713117e-05,
    "weights_variance": 0.00343995145522058
}