{
    "HeadCT": {
        "precision": 1.0,
        "recall": 1.0,
        "f1-score": 1.0,
        "support": 1000
    },
    "ChestCT": {
        "precision": 1.0,
        "recall": 1.0,
        "f1-score": 1.0,
        "support": 1000
    },
    "accuracy": 1.0,
    "macro avg": {
        "precision": 1.0,
        "recall": 1.0,
        "f1-score": 1.0,
        "support": 2000
    },
    "weighted avg": {
        "precision": 1.0,
        "recall": 1.0,
        "f1-score": 1.0,
        "support": 2000
    },
    "gradients_expectation": 6.5763142629293725e-06,
    "gradients_variance": 7.329909408326785e-07,
    "weights_expectation": 0.00011423687101341784,
    "weights_variance": 0.00030314057948999107
}