{
    "HeadCT": {
        "precision": 0.9424603174603174,
        "recall": 0.95,
        "f1-score": 0.946215139442231,
        "support": 1000
    },
    "ChestCT": {
        "precision": 0.9495967741935484,
        "recall": 0.942,
        "f1-score": 0.9457831325301205,
        "support": 1000
    },
    "accuracy": 0.946,
    "macro avg": {
        "precision": 0.9460285458269329,
        "recall": 0.946,
        "f1-score": 0.9459991359861757,
        "support": 2000
    },
    "weighted avg": {
        "precision": 0.946028545826933,
        "recall": 0.946,
        "f1-score": 0.9459991359861758,
        "support": 2000
    },
    "gradients_expectation": 1.1286782637398574e-06,
    "gradients_variance": 6.066070454835426e-07,
    "weights_expectation": 9.30537426029332e-05,
    "weights_variance": 0.0005190567462705076
}