{
    "HeadCT": {
        "precision": 0.9989939637826962,
        "recall": 0.993,
        "f1-score": 0.995987963891675,
        "support": 1000
    },
    "ChestCT": {
        "precision": 0.9930417495029821,
        "recall": 0.999,
        "f1-score": 0.9960119641076769,
        "support": 1000
    },
    "accuracy": 0.996,
    "macro avg": {
        "precision": 0.9960178566428392,
        "recall": 0.996,
        "f1-score": 0.9959999639996759,
        "support": 2000
    },
    "weighted avg": {
        "precision": 0.9960178566428393,
        "recall": 0.996,
        "f1-score": 0.9959999639996759,
        "support": 2000
    },
    "gradients_expectation": 3.56156233465299e-05,
    "gradients_variance": 4.2351375668658875e-06,
    "weights_expectation": 0.00013786159979645163,
    "weights_variance": 0.0002809469006024301
}