{
    "HeadCT": {
        "precision": 1.0,
        "recall": 1.0,
        "f1-score": 1.0,
        "support": 1000
    },
    "ChestCT": {
        "precision": 1.0,
        "recall": 1.0,
        "f1-score": 1.0,
        "support": 1000
    },
    "accuracy": 1.0,
    "macro avg": {
        "precision": 1.0,
        "recall": 1.0,
        "f1-score": 1.0,
        "support": 2000
    },
    "weighted avg": {
        "precision": 1.0,
        "recall": 1.0,
        "f1-score": 1.0,
        "support": 2000
    },
    "gradients_expectation": -3.089443794124236e-07,
    "gradients_variance": 1.4669242887066503e-07,
    "weights_expectation": 0.00011455539788585156,
    "weights_variance": 0.0003033038810826838
}