{
    "HeadCT": {
        "precision": 1.0,
        "recall": 0.994,
        "f1-score": 0.9969909729187563,
        "support": 1000
    },
    "ChestCT": {
        "precision": 0.9940357852882704,
        "recall": 1.0,
        "f1-score": 0.9970089730807578,
        "support": 1000
    },
    "accuracy": 0.997,
    "macro avg": {
        "precision": 0.9970178926441352,
        "recall": 0.997,
        "f1-score": 0.996999972999757,
        "support": 2000
    },
    "weighted avg": {
        "precision": 0.9970178926441351,
        "recall": 0.997,
        "f1-score": 0.996999972999757,
        "support": 2000
    },
    "gradients_expectation": 1.2290149243199266e-05,
    "gradients_variance": 1.9478709418763174e-06,
    "weights_expectation": 0.00011015758354915306,
    "weights_variance": 0.00027965879417024553
}